source,doi_or_id,title,topic,metadata_priority,checked_url,verification_status,public_data_status,source_labels_status,next_decision,notes
OpenAlex high,10.1016/j.engstruct.2021.112109,Strength prediction of concrete-filled steel tubular columns using Categorical Gradient Boosting algorithm,CFST/composite column,high,https://api.figshare.com/v2/articles/14376713,verified_metadata_only,Figshare contains open PDF only; no raw data file in article files,not verified,downgrade,"Figshare file list contains only CFST_Machine Learning_R1.pdf. The 3103-test database appears to derive from prior Goode/Denavit/CFST database sources, but the ML-ready raw table is not public in this record."
OpenAlex high,10.1016/j.engstruct.2019.05.048,Load-carrying capacity and mode failure simulation of beam-column joint connection,beam-column joint,high,https://api.figshare.com/v2/articles/20756125,verified_embargo_or_confidential,Figshare/DRO record has embargoed/confidential file access; no public raw data,not verified,exclude_for_now,"Repository record is a journal contribution; file is under embargo and license is all rights reserved. Not suitable for immediate reproduction."
OpenAlex high,10.1016/j.istruc.2023.104968,Machine learning-based prediction of shear strength of steel reinforced concrete columns,SRC column shear,high,https://api.figshare.com/v2/articles/27576789,verified_metadata_only,metadata-only record; files array empty,not verified,exclude_for_now,"RMIT record has size 0 and no downloadable files. Paper mentions 395 samples but public data are not exposed through the repository metadata."
OpenAlex high,10.1002/suco.202400541,Numerical and machine learning models for concentrically and eccentrically loaded CFST columns confined with FRP wraps,FRP-confined CFST,high,https://onlinelibrary.wiley.com/doi/10.1002/suco.202400541,blocked_or_unverified,Wiley page/PDF returned 403 through tool; web evidence suggests data may require corresponding author,not verified,exclude_for_now,"Cannot verify public raw data. Treat as not immediately reproducible until manual browser/institutional check."
OpenAlex high,10.1007/s13369-024-08794-0,Development of a Machine Learning-Based Computational Model to Estimate the Engineering Properties of Portland Cement Concrete,PCC/LTPP material properties,high,https://github.com/rpoloe/PCC,verified_partial,GitHub contains PCC_DNN.ipynb but no raw extracted dataset; original LTPP data are free but require reconstruction,weak; LTPP sections/states may define groups,method-risk_candidate,"Useful as a data-augmentation/random-shuffle risk case rather than a structural source-reference leakage case. Not ideal for next main reproduction."
Opportunistic,10.17632/8ndgpm7zw7.1,Dataset of Exterior Reinforced Concrete Beam-Column Joint Experiments,beam-column joint dataset,manual_discovery,https://data.mendeley.com/datasets/8ndgpm7zw7/1,verified_dataset_landing,Download All available on Mendeley landing page; supplementary Excel files mentioned,likely reference list available,promote_to_next_download,"203 exterior RC beam-column joint tests with geometry/materials/axial load/shear strength/failure modes and reference list. Strong candidate for source-aware regression/classification."
Opportunistic,10.17632/rbhfnz32sy.1,Dataset for joint shear strength of beam-column joints subject to cyclic loading,beam-column joint dataset,manual_discovery,https://data.mendeley.com/datasets/rbhfnz32sy/1,verified_dataset_landing,Download All available on Mendeley landing page; 98 specimens from 18 research projects,explicit project count in description,promote_to_next_download,"Smaller but source/project labels likely clear. Strong candidate for quick source-aware shear-strength reproduction."
Opportunistic,10.17603/ds2-52bz-0n63,Circular Column Database,RC column shear database,manual_discovery,https://doi.org/10.17603/ds2-52bz-0n63,verified_dataset_landing,DesignSafe landing page verified; file access not yet checked,likely database-level source fields possible,promote_after_mendeley,"Associated with ASCE data-driven RC column shear paper. Need DesignSafe file access verification."
Opportunistic,10.17603/ds2-7qg0-4303,Rectangular Column Database,RC column shear database,manual_discovery,https://doi.org/10.17603/ds2-7qg0-4303,verified_dataset_landing,DesignSafe landing page verified; file access not yet checked,likely database-level source fields possible,promote_after_mendeley,"Companion rectangular RC column database. Good field-wide candidate if files can be downloaded without login."
