path,sha256,bytes
.gitattributes,adc0528a9a4caffb7893957631bc198309e76289a3296bbf249cf3c9f8a60f9e,85
.gitignore,0b95dd946b4c6af3c87810ecb9e07e3ccb4bce243b707093fab2ac12af909c67,837
.zenodo.json,bf9c35bbf81961c40d8b7c7e7a8404a9d03d65a7da8537cab15932addc42061b,1017
app/methods/cross_parent_duplicate_method.json,81311f0ee19fde3b68a2ab7995e5c3bacaa6aaaf2f002a48b440ab1fa951d581,649
app/methods/deck_positive_control_verification.json,8014d4af88c494cad1b4a6ab2a34e18a67011f52722c8d149cf1f26dba711ace,1712
app/methods/fixed_model_reproduction.json,5fb3927072816bfd2086338806de4b8731f35811179bbba7b7c56cabbeefcf4d,609
app/methods/multivariate_support_method.json,9c98798b84a6c9c790053f09736d4c69ceba545d86f87f85063807f111187817,911
app/methods/split_audits.json,3f71245c3ae9d6a957e1e653af0183f8ad35e9b8c0fa4a32ba42a80b82c77100,1972
app/protocol/adapter_contract.json,51cd673ba27ab7706e7bf60b594bf30cdfb0fa8b81b87ba641ad3538108477e1,5956
app/protocol/input_registry.json,72905d3fa109e65bfd5d6b9944687df4b7cbfed9ebc459cf5effa49b9ec11fd0,2790
app/protocol/overlap_decisions.json,4944df514806e23519082803a4385f9be1145feb920270a2d24739c6f6a5e329,1868
app/README.md,6efd3c19465064d87a4d4591661858c112167391105d34910a962af9b115db8d,752
app/receipts/adapter_receipt.json,e6c1e8cc877b033c555c7c6c5ed519e57edff8fe6716614495bce7f70b09f3bf,2685
app/receipts/control_receipt.json,8ebaa1ad8cdc10873056556ddd96cef5f37b3e76f11e0ea659b16dcec59e1bb1,2266
app/RELEASE_RECEIPT.json,a86843f8518ef6effb7a97b47349ae9820bea7412f0fd77be0ec23a868611407,16035
app/results/cc_by_4_0/cross_parent/control_cross_parent_duplicate_summary.csv,ecc7fe5d52adb0ca1f15b31973aa6c61817557c54f045c9490f6f55d3ee74a43,762
app/results/cc_by_4_0/deck464/control_deck_positive_control.csv,3c1e24e985f8e1433296ddb0410bb0c5f14f042600638b716f842d7a3996de90,2096
app/results/cc_by_4_0/deck464/control_multivariate_support.csv,d19af45a6df206c266bea898848e42a1ea2f478456c4d05361f99b8e145a92c6,692
app/results/cc_by_4_0/deck464/control_prediction_ratio_metrics.csv,1dfc34e772ab9aa108e44129e2cba9d2c6f7d609f7e175c742b7919696116eb0,1971
app/results/cc_by_4_0/deck464/control_source_composition_intervals.csv,1db8cd535ec14f39e6bb01943020cfd91371e82a47ba5b199ef5d628e9a5a0b4,1536
app/results/cc_by_4_0/deck464/control_source_jackknife_summary.csv,bb66882d0ff1b5220526a86e5473fe28d8bdca7be606a336789843ea4793891a,922
app/results/cc_by_4_0/deck464/control_unresolved_source_sensitivity.csv,b0235c81fc228ce0411b5785c4bb10c873e54e8e0738b98410ca1de2f3cad386,9632
app/results/cc_by_4_0/deck464/evaluation_bootstrap_summary.csv,17e1fc1cd4719215bb946e097ab59cca2fe5149477681f19eebcf9931d0d7288,3110
app/results/cc_by_4_0/deck464/evaluation_external_metrics.csv,82bafb6c55361e6e5a08cfc365319a65e816972a95489c550163883776666af3,694
app/results/cc_by_4_0/deck464/evaluation_model_selection.csv,03cfd8672d49298ebe75bfd3f636bfb0c681da4927e4d382dadb34b3c3e80219,379
app/results/cc_by_4_0/deck464/evaluation_risk_estimation.csv,038e5fff155c36d8a31ff7d66e2d7aed7060fe694198d72ef7c95fb2b14d9c1b,4586
app/results/cc_by_4_0/deck464/evaluation_support_shift.csv,d12309158ed11a1443218293648cd3b4811f8cf26fc16e7f05fc3fb1840b44fb,513
app/results/cc_by_4_0/LICENSE_DATA.md,36e0145fb0b21dae6f4af1091c4379950c7052c0b26ce2b1280155804d539afa,293
app/results/cc_by_4_0/lwc90/control_multivariate_support.csv,6bd62e81e31d5a840c059688052a747c9576bb854eec47789834f03173c69adb,675
app/results/cc_by_4_0/lwc90/control_prediction_ratio_metrics.csv,63a31610295b459b434f34e017309b3f0bbba959e6405838f4e303a8c36db2c4,1555
app/results/cc_by_4_0/lwc90/control_source_composition_intervals.csv,ec5eb0eb6a64f7e4c47c806206102e39310a68bcd81c81fbf43e8cb3c7c12d32,1182
app/results/cc_by_4_0/lwc90/control_source_jackknife_summary.csv,5622c5ec33fca6d4858ceb1c4f4c2541ad522e36993273fbd6e209078272e403,704
app/results/cc_by_4_0/lwc90/evaluation_bootstrap_summary.csv,8833f16bb7f3a9369e10cfb1e8af2484e701752475a6da89e7ca3865d7d7aab3,3047
app/results/cc_by_4_0/lwc90/evaluation_external_metrics.csv,6d8ad8bd19095c0306b62f7c55d40c481d1e2c6aa2612b278cce685e3d1ad623,681
app/results/cc_by_4_0/lwc90/evaluation_model_selection.csv,cdd69b03abd2d0bdc8d422188e675f4a1406b2cb32c470444ad84eca71322bc7,323
app/results/cc_by_4_0/lwc90/evaluation_risk_estimation.csv,2a0698ce6c29fc0caa2e87ec1accb3f071ed84b678dc8bfeeec46818a87e5ee2,4532
app/results/cc_by_4_0/lwc90/evaluation_support_shift.csv,9209c365baff927bdb1f8668c6bcbc016d99e1a11150587bf1d2690df464e866,566
app/results/cc_by_4_0/nwc242/evaluation_cv_metrics.csv,b3e9a410d1b170deed1858f4880051b11ce7a52b14811713cb352d286d493719,1770
app/results/cc_by_nc_sa_4_0/combined/data_quality_summary.json,2ec8f826f4958f1aaa1c0b07c73eb2269cf563ca1bfbc291c85a1d299cd89b94,1783
app/results/cc_by_nc_sa_4_0/cross_parent_with_rac/control_cross_parent_duplicate_summary.csv,21261ee321e7ac1eb50efeaea5661ee38ea77b40a2a70d652d58905317217545,759
app/results/cc_by_nc_sa_4_0/LICENSE_DATA.md,7e48813a8d3cc6696a026c67eabc8b97d35a6e550fc86f2e3fdbcaf8da112788,379
app/results/cc_by_nc_sa_4_0/rac27/control_multivariate_support.csv,504bb08ead0ecb6c5d41f1002da899c5ddd948c123aa7431349af4ad70505e86,688
app/results/cc_by_nc_sa_4_0/rac27/control_prediction_ratio_metrics.csv,1e344827acd734983930cb069151b15f0d5494b70ad876c6365e5bac014cc5f1,1554
app/results/cc_by_nc_sa_4_0/rac27/control_source_composition_intervals.csv,993f23a65749a08fe26ce33ac0014bc04a9a384449e02e5f9230da52ca174cd3,822
app/results/cc_by_nc_sa_4_0/rac27/control_source_jackknife_summary.csv,90b457894543e0c01003482916c7eda7aa17192c197f99a9410113ef185fe315,571
app/results/cc_by_nc_sa_4_0/rac27/evaluation_bootstrap_summary.csv,c6138f01aad61d9ab43470fbf0e6330c27f429d6de3d174f7863bae9208088b5,3582
app/results/cc_by_nc_sa_4_0/rac27/evaluation_external_metrics.csv,39eb0bf7817a5cd0625904f192e4085312534e118a841fc729bf8c017422f0d8,687
app/results/cc_by_nc_sa_4_0/rac27/evaluation_model_selection.csv,76da132a5e94fdc90fe9347a7c319fcf148f356847db12cfd3069e2850de45ca,325
app/results/cc_by_nc_sa_4_0/rac27/evaluation_risk_estimation.csv,f3cb304a0a182b41303653fcbc2b9f004c42020a52fa4bbe2584b0cce32bb17a,4555
app/results/cc_by_nc_sa_4_0/rac27/evaluation_support_shift.csv,9df42e4fc3b16ef2a6eb2d27313600a4c54a90c774e3ce653006e94936d6016d,477
app/results/contract_statuses.json,55b6d458d7dae09f47c849fe567cc5c7ffdccfe6f36fadd41a2033fbc5045226,7476
app/THIRD_PARTY_NOTICES.md,1274e657d2210e4dfbfe766d44083fe01a85b2bef07301412d255628780a32e7,1346
CITATION.cff,8517fa58204607820f206a7a98aa588a3d51a084889cbd3613bd20857fb10c36,958
codemeta.json,cce875d88dad297eb0303dcdb8fd5a0c0465f31ef98b84d96d75073ba20f677f,820
DATASETS_AND_LINKS.csv,cbb87c1d964ef7e558191c2fbfdec54da5b0312f6febdb850dc2b30a61bf5487,1538
derived/confirmatory_aggregates_v32/compiler_semantic/compiler_conformance_counts.csv,33481b0f1f3deba32e647d1112d64d577c7700b30d5a8aa39e3e7ec524a2401c,447
derived/confirmatory_aggregates_v32/compiler_semantic/compiler_gate.json,e82bd22bf1de8c20cc60f36ff240d9abc875a6f27d304b085bf99d1a5abae419,119
derived/confirmatory_aggregates_v32/CORE_0.6_0.9_0.35/aggregation_manifest.json,be07455bb441adac59a2538f92eb8681c4bdf7500138d411dafa574486b82da5,4296
derived/confirmatory_aggregates_v32/CORE_0.6_0.9_0.35/claimcut_outcome_summary.csv,72b7c7f37e9d8f530a6c7eac9941eb394fffefe02c7d2d116d99a5cc732b4e87,143
derived/confirmatory_aggregates_v32/CORE_0.6_0.9_0.35/comparator_pairing_coverage.csv,e8b40fae9289d363daa314d1d2c57bc4745d3bb4cffd4ab583ae6a18b5ad8458,866
derived/confirmatory_aggregates_v32/CORE_0.6_0.9_0.35/datasail_solver_status_summary.csv,e6bba8295a38fafd878ef7555677975025e56d9350d850ec6e30425a9e87c4cc,163
derived/confirmatory_aggregates_v32/CORE_0.6_0.9_0.35/method_aggregate_summary.csv,01b8c54618c1a2e83d79983136561b7550da87dbbf944a6ee8a832e57924d7b2,3338
derived/confirmatory_aggregates_v32/CORE_0.6_0.9_0.35/metric_field_availability.csv,e1cb45504ce34afd86c8882d96f2e4125629fa3285f3750ac852d717e85a80dc,729
derived/confirmatory_aggregates_v32/CORE_0.6_0.9_0.35/paired_cluster_bootstrap.csv,f5ca0375862c0e0f382afbb4de0f0ec44bcd73915f6a197d8f60f27f19bbd9ca,2475
derived/confirmatory_aggregates_v32/CORE_0.6_0.9_0.35/replicate_outcome_summary.csv,a3d63f3e7d7701a2239bbcab3cdd0a202d627ba8531607c566013fe75e495863,126
derived/confirmatory_aggregates_v32/CORE_0.6_0.9_1.0/aggregation_manifest.json,d4b5436225f5ef98c797d2a7473b29441b1b7e0de03f650b8fa4db7dd36810f2,4293
derived/confirmatory_aggregates_v32/CORE_0.6_0.9_1.0/claimcut_outcome_summary.csv,dc6cfccf6eb02e3cb9498889e2a7c261602e3c906854ede743931d60bf8f1d43,142
derived/confirmatory_aggregates_v32/CORE_0.6_0.9_1.0/comparator_pairing_coverage.csv,d38ba8d84c304800e3b77f55ce496970274a6d60b4224cc2c36eabd5f016befa,859
derived/confirmatory_aggregates_v32/CORE_0.6_0.9_1.0/datasail_solver_status_summary.csv,f3e276743e824094a3a7ed162f70675aab8bb377c2ec82b2a4194899e1bded38,162
derived/confirmatory_aggregates_v32/CORE_0.6_0.9_1.0/method_aggregate_summary.csv,a30ce97be7289b51442fb1fc70080e4903f2d31ccfeb581bd88a690b91179295,3332
derived/confirmatory_aggregates_v32/CORE_0.6_0.9_1.0/metric_field_availability.csv,e1cb45504ce34afd86c8882d96f2e4125629fa3285f3750ac852d717e85a80dc,729
derived/confirmatory_aggregates_v32/CORE_0.6_0.9_1.0/paired_cluster_bootstrap.csv,919faa3b8b08f4d95a6971ca76d6c2229c8bf9d5d5c59b4d8b433dc570c2768d,2458
derived/confirmatory_aggregates_v32/CORE_0.6_0.9_1.0/replicate_outcome_summary.csv,bc6df43900ad15a005272dc22c20b0a8368b843b8fb43508c389fe6e15ccf810,125
derived/confirmatory_aggregates_v32/CORE_0.6_0_0.35/aggregation_manifest.json,4beab5fb16d068f4e65ea5718cbf5e192bfa77e744fbdc18b8488244ba891f7a,4290
derived/confirmatory_aggregates_v32/CORE_0.6_0_0.35/claimcut_outcome_summary.csv,48a2b3f4c98a323962aa4df07c850672090b79815ee07e8887f5a2b4b7415984,141
derived/confirmatory_aggregates_v32/CORE_0.6_0_0.35/comparator_pairing_coverage.csv,8cf0731450fb7288761aeee3d93012386438c1cb3f74fd79ffcb45d9f255db4c,852
derived/confirmatory_aggregates_v32/CORE_0.6_0_0.35/datasail_solver_status_summary.csv,dda111539aff2b80c71359e0e773c4cdf15c89377b40176e330d6145f3c1578b,161
derived/confirmatory_aggregates_v32/CORE_0.6_0_0.35/method_aggregate_summary.csv,34553b4134f8870657e003e8ab87860d5113ac173c79fcbd9d9dcc188a17f95c,3360
derived/confirmatory_aggregates_v32/CORE_0.6_0_0.35/metric_field_availability.csv,e1cb45504ce34afd86c8882d96f2e4125629fa3285f3750ac852d717e85a80dc,729
derived/confirmatory_aggregates_v32/CORE_0.6_0_0.35/paired_cluster_bootstrap.csv,f797bbcf0f57c0ba106152dafa629012963ca6784de22f0c03df17b375519625,2470
derived/confirmatory_aggregates_v32/CORE_0.6_0_0.35/replicate_outcome_summary.csv,c461746f24cd058c719fc327f4a1b6ba262cd4e464f4f5aff09dd5ae86b9fe92,124
derived/confirmatory_aggregates_v32/CORE_0.6_0_1.0/aggregation_manifest.json,c3a00b3a34630f4492ec80beba7a2b982af4a420c1d941a8e447e2e8fd934053,4287
derived/confirmatory_aggregates_v32/CORE_0.6_0_1.0/claimcut_outcome_summary.csv,a8203c6071091e11e0f436395d100430a5f0cca442025a6baebcacf2496ed3d0,140
derived/confirmatory_aggregates_v32/CORE_0.6_0_1.0/comparator_pairing_coverage.csv,acffe8d80d9c18ca96ff8e5b1fa1396b677fe4a929ef3a285222122f221bc20e,845
derived/confirmatory_aggregates_v32/CORE_0.6_0_1.0/datasail_solver_status_summary.csv,39cce8dbdb4629ff350134ec048ce952e4ecaa01957b46f574a5582b066b8b40,160
derived/confirmatory_aggregates_v32/CORE_0.6_0_1.0/method_aggregate_summary.csv,e61fe8ebdb55f12cc9c394c564ed72e28b4ca492107db07c4fa9a9ac920f352b,3355
derived/confirmatory_aggregates_v32/CORE_0.6_0_1.0/metric_field_availability.csv,e1cb45504ce34afd86c8882d96f2e4125629fa3285f3750ac852d717e85a80dc,729
derived/confirmatory_aggregates_v32/CORE_0.6_0_1.0/paired_cluster_bootstrap.csv,03c1b6a9e9fe53a68a3e17eab3e67f1dfa9d19e8587be705b97520f8f4e87932,2440
derived/confirmatory_aggregates_v32/CORE_0.6_0_1.0/replicate_outcome_summary.csv,6a6979c760c1d2c3125d192a1b3bb686aa2e94e7b859de4727459b537c5af62a,123
derived/confirmatory_aggregates_v32/CORE_0.6_1.8_0.35/aggregation_manifest.json,431d69e2f1dbc6a003d5f745adc991d258d5848f9f83970f5469dfef3fd6422b,4296
derived/confirmatory_aggregates_v32/CORE_0.6_1.8_0.35/claimcut_outcome_summary.csv,526214adbb01b71faa4ef8a870044ca8e8d8a6f7c7ac7139fc12eaf0442ef05b,143
derived/confirmatory_aggregates_v32/CORE_0.6_1.8_0.35/comparator_pairing_coverage.csv,5e17544aed5e8633aa3c4573313d985343587cbee1be9f88b58cc29f6e077e1d,866
derived/confirmatory_aggregates_v32/CORE_0.6_1.8_0.35/datasail_solver_status_summary.csv,4f6d6a58619a4ea05602cbde97e98b7e21308e35cd9e0fdfb8e196114d9dea3d,163
derived/confirmatory_aggregates_v32/CORE_0.6_1.8_0.35/method_aggregate_summary.csv,9b4f38f109176d53c20a9e656067e060cd20cba0e57c15ab29197c484809e8da,3290
derived/confirmatory_aggregates_v32/CORE_0.6_1.8_0.35/metric_field_availability.csv,e1cb45504ce34afd86c8882d96f2e4125629fa3285f3750ac852d717e85a80dc,729
derived/confirmatory_aggregates_v32/CORE_0.6_1.8_0.35/paired_cluster_bootstrap.csv,a64b803cd529cd57e65ea3445294e0791df620bdef1937814f9fc27c6dac384b,2452
derived/confirmatory_aggregates_v32/CORE_0.6_1.8_0.35/replicate_outcome_summary.csv,e28f2b0b959fff9d9493f8585e3d9f29ae10ee9d758181b6874e01d4c7b11278,126
derived/confirmatory_aggregates_v32/CORE_0.6_1.8_1.0/aggregation_manifest.json,fce7cc7a3c0370e98e992451fd9f853b484cab88d50707d81be01710135e32e0,4293
derived/confirmatory_aggregates_v32/CORE_0.6_1.8_1.0/claimcut_outcome_summary.csv,6a3867aadfb3f1e93c012d042638723f5f6b6f364fecdd547d8a326e413ea916,142
derived/confirmatory_aggregates_v32/CORE_0.6_1.8_1.0/comparator_pairing_coverage.csv,6c60e47189ddf00ebfc32bb9eb64c40af8ed484e146eabe3ec27a3e024a8539e,859
derived/confirmatory_aggregates_v32/CORE_0.6_1.8_1.0/datasail_solver_status_summary.csv,5aed7038674400e3597c32f3f46411c8ad0617e34db7ec8d236703403a7e4a8d,162
derived/confirmatory_aggregates_v32/CORE_0.6_1.8_1.0/method_aggregate_summary.csv,d24d0e12b55d4a0144df9f41a542ed74a561a44e047d156c042657db38c8fd58,3291
derived/confirmatory_aggregates_v32/CORE_0.6_1.8_1.0/metric_field_availability.csv,e1cb45504ce34afd86c8882d96f2e4125629fa3285f3750ac852d717e85a80dc,729
derived/confirmatory_aggregates_v32/CORE_0.6_1.8_1.0/paired_cluster_bootstrap.csv,1ea2d3da02389db5026b08c84c3172b0e13fe32bd20bc0a0290fa83fa95e01fd,2447
derived/confirmatory_aggregates_v32/CORE_0.6_1.8_1.0/replicate_outcome_summary.csv,566e1da151d6d6b540a586de77c025cca21464e2747fb571c5adf0668f05a00d,125
derived/confirmatory_aggregates_v32/CORE_0_0.9_0.35/aggregation_manifest.json,7f9794d516b6c6c93d058607278b272a7dda4d9f4b1fb7e26e391502af531bb8,4290
derived/confirmatory_aggregates_v32/CORE_0_0.9_0.35/claimcut_outcome_summary.csv,66eb8a2bbaf4587d78099e15deecea18a5eed0f1a20d4ce078417bb9e3b9041a,141
derived/confirmatory_aggregates_v32/CORE_0_0.9_0.35/comparator_pairing_coverage.csv,ca19ba9e741976a506a30e967a209095b0360a7ffaddd5747ebf99d762fc705e,852
derived/confirmatory_aggregates_v32/CORE_0_0.9_0.35/datasail_solver_status_summary.csv,928d3c8ce8004a4391167e0336e1cee8e3cbb64023753a3c5098c5ab97569b47,161
derived/confirmatory_aggregates_v32/CORE_0_0.9_0.35/method_aggregate_summary.csv,6f9c0d5726ff2333d96959a466440674aff54905f97a275d4ad1f36c5e2f3306,3328
derived/confirmatory_aggregates_v32/CORE_0_0.9_0.35/metric_field_availability.csv,e1cb45504ce34afd86c8882d96f2e4125629fa3285f3750ac852d717e85a80dc,729
derived/confirmatory_aggregates_v32/CORE_0_0.9_0.35/paired_cluster_bootstrap.csv,b6a224a7cd1263e833f0d4b7c0cf59ea6bb5a7f15a1385a4be7df49394c87c08,2448
derived/confirmatory_aggregates_v32/CORE_0_0.9_0.35/replicate_outcome_summary.csv,05e0ba57233e0261e110612fa266d77484be16e0a1c7ab95e3d9b4bd15fb7fc6,124
derived/confirmatory_aggregates_v32/CORE_0_0.9_1.0/aggregation_manifest.json,1ee6bb233e8cfcf3c368eacef563e1604a01e44909f4c73c37d8757c4313e0e0,4287
derived/confirmatory_aggregates_v32/CORE_0_0.9_1.0/claimcut_outcome_summary.csv,2d564b9add856d2fc01a0715b5cedc2d6e32e44c71108e85ae47c51d8b37c513,140
derived/confirmatory_aggregates_v32/CORE_0_0.9_1.0/comparator_pairing_coverage.csv,bbf4d4f96db4b888931379066ae396ec65d3ffa8c9c21b5bb69acd83056aa3b0,845
derived/confirmatory_aggregates_v32/CORE_0_0.9_1.0/datasail_solver_status_summary.csv,c7b517c6662dbf081feda580c3cb7440f2ce5659ed97f07cd7fef0266d79db62,160
derived/confirmatory_aggregates_v32/CORE_0_0.9_1.0/method_aggregate_summary.csv,d749b17e9c3f60f8ba29becac33e9a8011faea866b9effe30a9801fe9810108b,3325
derived/confirmatory_aggregates_v32/CORE_0_0.9_1.0/metric_field_availability.csv,e1cb45504ce34afd86c8882d96f2e4125629fa3285f3750ac852d717e85a80dc,729
derived/confirmatory_aggregates_v32/CORE_0_0.9_1.0/paired_cluster_bootstrap.csv,1e4bad039ebd53a626de8170a18c7dc27b3631b556e543dc6723fccaaf02cbc0,2437
derived/confirmatory_aggregates_v32/CORE_0_0.9_1.0/replicate_outcome_summary.csv,ec08a712fb0e022cb45db41c5027ba66d3f3b84134c71226608d71c2b5e248e6,123
derived/confirmatory_aggregates_v32/CORE_0_0_0.35/aggregation_manifest.json,663e369c48551f99c8d019f6f24f41aa247bea53455f38f5f02c9f8a19511d22,4284
derived/confirmatory_aggregates_v32/CORE_0_0_0.35/claimcut_outcome_summary.csv,853fcab633cdfbb3f6f6c3ef0444079a595f8571c8ced52b001d697391153778,139
derived/confirmatory_aggregates_v32/CORE_0_0_0.35/comparator_pairing_coverage.csv,6e969b1a7aa8c19a301b9b26717c9c3bb22ad9088af8b63726efd2a01939408c,838
derived/confirmatory_aggregates_v32/CORE_0_0_0.35/datasail_solver_status_summary.csv,12d913369826c6400e8fc66afd22215a92c465aa97c17828c42e6883fca37dec,159
derived/confirmatory_aggregates_v32/CORE_0_0_0.35/method_aggregate_summary.csv,76303daa45d85b45c3cac95e850d25602edb8a5616b7768af2bd1194b0e0c7d1,3365
derived/confirmatory_aggregates_v32/CORE_0_0_0.35/metric_field_availability.csv,e1cb45504ce34afd86c8882d96f2e4125629fa3285f3750ac852d717e85a80dc,729
derived/confirmatory_aggregates_v32/CORE_0_0_0.35/paired_cluster_bootstrap.csv,fea4334f85ffae29f05c399e564fa1c34734007c92eacb1912a82c6009f47333,2459
derived/confirmatory_aggregates_v32/CORE_0_0_0.35/replicate_outcome_summary.csv,b01d9f906f610686e0802c1fb88bb3affc116f89ba3926fc8d0984a3f02675bd,122
derived/confirmatory_aggregates_v32/CORE_0_0_1.0/aggregation_manifest.json,2b60e3e592b96e6c7eff97a4ffd6208cba4a15ee444805a188b2c0787ac4bb90,4281
derived/confirmatory_aggregates_v32/CORE_0_0_1.0/claimcut_outcome_summary.csv,008d35fdc9edffcaed3706024f0d6a71a611e6ded47a18a2f7038c767c0d933d,138
derived/confirmatory_aggregates_v32/CORE_0_0_1.0/comparator_pairing_coverage.csv,e079eb3d00f3e4f91d06295ab01e3fda377a63e2da4671c1ee56dca1bf1ef089,831
derived/confirmatory_aggregates_v32/CORE_0_0_1.0/datasail_solver_status_summary.csv,4bd20c5b857a95fd5736c4719851ebe023d6a9d23b87b1d8efdd025fc3007cc8,158
derived/confirmatory_aggregates_v32/CORE_0_0_1.0/method_aggregate_summary.csv,5f627c666123e9086ebc8796ffa18484d1530fef62037740dc1e675e0099a337,3345
derived/confirmatory_aggregates_v32/CORE_0_0_1.0/metric_field_availability.csv,e1cb45504ce34afd86c8882d96f2e4125629fa3285f3750ac852d717e85a80dc,729
derived/confirmatory_aggregates_v32/CORE_0_0_1.0/paired_cluster_bootstrap.csv,714e1f8d0f242b9245d7ed4d80de26bb43bbdadb58fb78dfb82a73d4d268b639,2442
derived/confirmatory_aggregates_v32/CORE_0_0_1.0/replicate_outcome_summary.csv,5df0de89304e0080d403c1bb2f557f333def0d40734d19aa0b787c79e520984f,121
derived/confirmatory_aggregates_v32/CORE_0_1.8_0.35/aggregation_manifest.json,c3dd0799931546c33b8f8b727c0bd4701acc9de3893703f9392d0be8d2bf80b3,4290
derived/confirmatory_aggregates_v32/CORE_0_1.8_0.35/claimcut_outcome_summary.csv,6849094f1fd51db687fe5abdf159f323cf979e8eb87048cd88f7f3cde1e48315,141
derived/confirmatory_aggregates_v32/CORE_0_1.8_0.35/comparator_pairing_coverage.csv,abcc247899f2190d7c3b3ec433101f47b7ed61351950babea2176015eb955336,852
derived/confirmatory_aggregates_v32/CORE_0_1.8_0.35/datasail_solver_status_summary.csv,e50b6767bd3eae4fc012dc5deb1f78f2375c795d3f712709ea1bc7906f5cc92a,161
derived/confirmatory_aggregates_v32/CORE_0_1.8_0.35/method_aggregate_summary.csv,20e4d1875bff966de11cb8241e4426bdd2443c78813ece874f9b19bcb7d33684,3290
derived/confirmatory_aggregates_v32/CORE_0_1.8_0.35/metric_field_availability.csv,e1cb45504ce34afd86c8882d96f2e4125629fa3285f3750ac852d717e85a80dc,729
derived/confirmatory_aggregates_v32/CORE_0_1.8_0.35/paired_cluster_bootstrap.csv,1bf83bf3ee3ddf9ab1fb259634f793dfba7dbfe72075f25750f0dd596357d12a,2445
derived/confirmatory_aggregates_v32/CORE_0_1.8_0.35/replicate_outcome_summary.csv,5e95aded03b18154835a679c7fa97eb2c754c2a3b955809eb42f3a7118915bac,124
derived/confirmatory_aggregates_v32/CORE_0_1.8_1.0/aggregation_manifest.json,915a4823dfc900d5d33d91e42a04bc6c6e22f4ea2bd3d5af5e1111b07f74bf2a,4287
derived/confirmatory_aggregates_v32/CORE_0_1.8_1.0/claimcut_outcome_summary.csv,1081dd057817321d96bd2777144ad1c8fc7388db7563a08aa4884d0e2cfe4b64,140
derived/confirmatory_aggregates_v32/CORE_0_1.8_1.0/comparator_pairing_coverage.csv,f3345529ac89876de75228a7cf0bac698c4e2f0e952f57f45db3cc12e0039207,845
derived/confirmatory_aggregates_v32/CORE_0_1.8_1.0/datasail_solver_status_summary.csv,a2d33fa5cb5edf8569a756415bcec12dd18e45190fcfe85340d08f23b59fae20,160
derived/confirmatory_aggregates_v32/CORE_0_1.8_1.0/method_aggregate_summary.csv,5d47cdc2213634c307e8efc66d5cc427d8317eade62345f18fa325330545d554,3265
derived/confirmatory_aggregates_v32/CORE_0_1.8_1.0/metric_field_availability.csv,e1cb45504ce34afd86c8882d96f2e4125629fa3285f3750ac852d717e85a80dc,729
derived/confirmatory_aggregates_v32/CORE_0_1.8_1.0/paired_cluster_bootstrap.csv,993b03f9c3daed9b09d7d8aaaf13408dd70ae44d3c478827d79dd1d22b9c92c9,2425
derived/confirmatory_aggregates_v32/CORE_0_1.8_1.0/replicate_outcome_summary.csv,c59f0c97aa2bc259453b44507a319dc1511337ec4a726e2565eda23387e1510a,123
derived/confirmatory_aggregates_v32/CORE_1.2_0.9_0.35/aggregation_manifest.json,59ec05e977dc3ec3839ebafba5544f5542672e8d98eb6f677077b7a307bc3a4e,4296
derived/confirmatory_aggregates_v32/CORE_1.2_0.9_0.35/claimcut_outcome_summary.csv,27ccaae9d716de1cf07e891b12016fc3a02d34bbd813f4472d46ac74215fae1c,143
derived/confirmatory_aggregates_v32/CORE_1.2_0.9_0.35/comparator_pairing_coverage.csv,311bce543a916c58f80a16ac47934a40c0bf5c2a0da7c0532bed22aad2defff1,866
derived/confirmatory_aggregates_v32/CORE_1.2_0.9_0.35/datasail_solver_status_summary.csv,0e2af240eb98860b0a3201b490a09664a66724e1892640b3376fe631b98a546e,163
derived/confirmatory_aggregates_v32/CORE_1.2_0.9_0.35/method_aggregate_summary.csv,17d9866202ef2085cec8adf45e174aa7eb7f3846454f9d0a73ecfff385f7638f,3332
derived/confirmatory_aggregates_v32/CORE_1.2_0.9_0.35/metric_field_availability.csv,e1cb45504ce34afd86c8882d96f2e4125629fa3285f3750ac852d717e85a80dc,729
derived/confirmatory_aggregates_v32/CORE_1.2_0.9_0.35/paired_cluster_bootstrap.csv,9dd0720bf6908b7294c2ec1a488e789ea2e4ac622b57179d80e681dc167f555a,2464
derived/confirmatory_aggregates_v32/CORE_1.2_0.9_0.35/replicate_outcome_summary.csv,78f7d3f718e26d361684310aecf36383730a0d86616fb346356618961effbc0d,126
derived/confirmatory_aggregates_v32/CORE_1.2_0.9_1.0/aggregation_manifest.json,56f9c422e33541e8a7f30ee6495bf3bc3abe846eb343e20524b5c7c73338c189,4293
derived/confirmatory_aggregates_v32/CORE_1.2_0.9_1.0/claimcut_outcome_summary.csv,e241285fd2feada86ffe6c41ca7b43bb6298eebac15c3aa795e1e904200bb62a,142
derived/confirmatory_aggregates_v32/CORE_1.2_0.9_1.0/comparator_pairing_coverage.csv,cd17f70187a2eaab1b869dacdd3641a8f6ac8aacbf3675809dec3194d3bf80ad,859
derived/confirmatory_aggregates_v32/CORE_1.2_0.9_1.0/datasail_solver_status_summary.csv,aac8791f669e4f5c44e04c5592870de6e3860f0761521e84c6ed2776afd91974,162
derived/confirmatory_aggregates_v32/CORE_1.2_0.9_1.0/method_aggregate_summary.csv,6f71a169e73903bd86fb3a81d8d8ab5432dcd17b8e67330beaebe11a149dae24,3321
derived/confirmatory_aggregates_v32/CORE_1.2_0.9_1.0/metric_field_availability.csv,e1cb45504ce34afd86c8882d96f2e4125629fa3285f3750ac852d717e85a80dc,729
derived/confirmatory_aggregates_v32/CORE_1.2_0.9_1.0/paired_cluster_bootstrap.csv,82b86da7e69deecf9d8c18bd9fb3b4b5a911879fcc721a8a35506143224bdcc7,2452
derived/confirmatory_aggregates_v32/CORE_1.2_0.9_1.0/replicate_outcome_summary.csv,f244260fde1b20bd6ff815925f1ecd99c822cebf59553d5b1e2ecd1785937cc1,125
derived/confirmatory_aggregates_v32/CORE_1.2_0_0.35/aggregation_manifest.json,bf92522122c8b0f4f7775c4867ea65bf645c85a7122155ff4c0145bcd6c2516d,4289
derived/confirmatory_aggregates_v32/CORE_1.2_0_0.35/claimcut_outcome_summary.csv,6b19f89604a1a71824894327c97ae569f0d08409755e4811e8b611c7bd3f16fc,141
derived/confirmatory_aggregates_v32/CORE_1.2_0_0.35/comparator_pairing_coverage.csv,467b14ac8bea005bc9de223c2e17724f1b03b01919b1401474ab37c9dfd31bec,852
derived/confirmatory_aggregates_v32/CORE_1.2_0_0.35/datasail_solver_status_summary.csv,61133cd6e06cbb99e371fc3248cc5c54c04fdf106433b0ff672cb98a3775247f,160
derived/confirmatory_aggregates_v32/CORE_1.2_0_0.35/method_aggregate_summary.csv,4b1e1bf31a18c7fb1fa9cff401472747bb61e410cef2ea117664d29295565e0d,3349
derived/confirmatory_aggregates_v32/CORE_1.2_0_0.35/metric_field_availability.csv,e1cb45504ce34afd86c8882d96f2e4125629fa3285f3750ac852d717e85a80dc,729
derived/confirmatory_aggregates_v32/CORE_1.2_0_0.35/paired_cluster_bootstrap.csv,35ceb46fb5039cd390cc75505bbe270b48f14c6f279ae3e372b6e530db56b019,2471
derived/confirmatory_aggregates_v32/CORE_1.2_0_0.35/replicate_outcome_summary.csv,b1481d7a36d38047ab0dcfeb7ac95bc8d142aa114551931613215180afe508e4,124
derived/confirmatory_aggregates_v32/CORE_1.2_0_1.0/aggregation_manifest.json,26570948504fd1c0c2b5353eef585ee3b693644185e34a4586e44380d1f73a2d,4287
derived/confirmatory_aggregates_v32/CORE_1.2_0_1.0/claimcut_outcome_summary.csv,8a3a74496a06a3aa0dcd1df0b06be2dac0ab7f888312d8617e8d76d114ecf856,140
derived/confirmatory_aggregates_v32/CORE_1.2_0_1.0/comparator_pairing_coverage.csv,d9087faefaa1dc6b143c0b39f9ec315b194c1b0f26e1365c1e71ede911be0769,845
derived/confirmatory_aggregates_v32/CORE_1.2_0_1.0/datasail_solver_status_summary.csv,bcb1ace6fac1b16894a75bf8e31fde6b442a5658e471b63afa7b35308ff6620c,160
derived/confirmatory_aggregates_v32/CORE_1.2_0_1.0/method_aggregate_summary.csv,1c60d9f351add6de94642512c64656670b01fa240c108b6cfc91d9fd170d0279,3351
derived/confirmatory_aggregates_v32/CORE_1.2_0_1.0/metric_field_availability.csv,e1cb45504ce34afd86c8882d96f2e4125629fa3285f3750ac852d717e85a80dc,729
derived/confirmatory_aggregates_v32/CORE_1.2_0_1.0/paired_cluster_bootstrap.csv,0ffc151836dcc077613b34a83ab4e79228915046aae3fa19e5197860db71f8a3,2454
derived/confirmatory_aggregates_v32/CORE_1.2_0_1.0/replicate_outcome_summary.csv,2f0e41e3d4d02fd5e6932bf51f4d74a8ba6d2709fb951c3e9b8cb7520fc751e2,123
derived/confirmatory_aggregates_v32/CORE_1.2_1.8_0.35/aggregation_manifest.json,7f9922f559b3c21c3ac705c65db5b21add3740545ff08eb20a0df3ad73095c15,4296
derived/confirmatory_aggregates_v32/CORE_1.2_1.8_0.35/claimcut_outcome_summary.csv,faa900d00d341929a4ad0cc647cc11bb0ecab0ca47ff84f46046e967d21bcf56,143
derived/confirmatory_aggregates_v32/CORE_1.2_1.8_0.35/comparator_pairing_coverage.csv,d3b412c9dec4386ba55b1ca7f97cb4fc78c9a95ae307fb82e623c3f88440aa94,866
derived/confirmatory_aggregates_v32/CORE_1.2_1.8_0.35/datasail_solver_status_summary.csv,d0c79a70cf8d2fa85fa9b21c903ffcb1cccd4fe4309eca3477b4b80eb9863343,163
derived/confirmatory_aggregates_v32/CORE_1.2_1.8_0.35/method_aggregate_summary.csv,dc3b42ced982f677acd1604b752efb346a5575c69a944ee0cfaec25fac2ff6c7,3302
derived/confirmatory_aggregates_v32/CORE_1.2_1.8_0.35/metric_field_availability.csv,e1cb45504ce34afd86c8882d96f2e4125629fa3285f3750ac852d717e85a80dc,729
derived/confirmatory_aggregates_v32/CORE_1.2_1.8_0.35/paired_cluster_bootstrap.csv,9700369b5f33d64da811f3f361c22494a82aa5cfa72793b6447e367ca026ee86,2455
derived/confirmatory_aggregates_v32/CORE_1.2_1.8_0.35/replicate_outcome_summary.csv,a52c5ca755ad7743e69113b22ce31d12d75411fd861c547902aa5359189f6a72,126
derived/confirmatory_aggregates_v32/CORE_1.2_1.8_1.0/aggregation_manifest.json,822cec28b4e5040e1f211b2140f38db844de9b86637ef67ec365d8cb79a6ed64,4293
derived/confirmatory_aggregates_v32/CORE_1.2_1.8_1.0/claimcut_outcome_summary.csv,dfde8ac358e7bf6736fa25d1f24c1e2c0ce403afbbf6ab203de76c71dd385518,142
derived/confirmatory_aggregates_v32/CORE_1.2_1.8_1.0/comparator_pairing_coverage.csv,064e1f0cfd6cef5d6c27a05e13d493c9f6267b782e2c7cdff248fb920bb133f7,859
derived/confirmatory_aggregates_v32/CORE_1.2_1.8_1.0/datasail_solver_status_summary.csv,2070ca23f564bef51c5f83586316d751dd303604874276cf5af0e70177c9774d,162
derived/confirmatory_aggregates_v32/CORE_1.2_1.8_1.0/method_aggregate_summary.csv,fc704fb6b915fdc9872167df2400d9c279f930061933432de5732ddb3f68a422,3287
derived/confirmatory_aggregates_v32/CORE_1.2_1.8_1.0/metric_field_availability.csv,e1cb45504ce34afd86c8882d96f2e4125629fa3285f3750ac852d717e85a80dc,729
derived/confirmatory_aggregates_v32/CORE_1.2_1.8_1.0/paired_cluster_bootstrap.csv,e6123c6fa36dfba60c50207b0297ede02940baed5f7a0975fe56324762d1a4a5,2437
derived/confirmatory_aggregates_v32/CORE_1.2_1.8_1.0/replicate_outcome_summary.csv,30a8ad0afd267af236ab5279a9468a41777ccb8a8786926727d5a7b205cbd4bc,125
derived/confirmatory_aggregates_v32/CORE_2.4_0.9_0.35/aggregation_manifest.json,6ba8aa4f70b0cb85158d7368f383f9da7ef2562192921c2f2a3b4f5fdb4dbc58,4296
derived/confirmatory_aggregates_v32/CORE_2.4_0.9_0.35/claimcut_outcome_summary.csv,02b22765b7771ef54a6088bea2d286c9e05adad80bad662fb22ee48fb31ff11c,143
derived/confirmatory_aggregates_v32/CORE_2.4_0.9_0.35/comparator_pairing_coverage.csv,d2ba140badb4047d5c510feba862c92bf0038cc2c9827fcb2369ae94f0dfbf05,866
derived/confirmatory_aggregates_v32/CORE_2.4_0.9_0.35/datasail_solver_status_summary.csv,959a609b569e0fad4640464fea71f13bd7f3eea473ed69821393ed2d0bc7d543,163
derived/confirmatory_aggregates_v32/CORE_2.4_0.9_0.35/method_aggregate_summary.csv,6458bc92e0361dd762698bb2d06ed0122b983cbcaa8d2f3c001baf8ba7b86d55,3336
derived/confirmatory_aggregates_v32/CORE_2.4_0.9_0.35/metric_field_availability.csv,e1cb45504ce34afd86c8882d96f2e4125629fa3285f3750ac852d717e85a80dc,729
derived/confirmatory_aggregates_v32/CORE_2.4_0.9_0.35/paired_cluster_bootstrap.csv,00d7fde88cc27aaca4fd59a91341ff914650cf6d3d39acb1f0e0cc87d69a874d,2454
derived/confirmatory_aggregates_v32/CORE_2.4_0.9_0.35/replicate_outcome_summary.csv,671b30b2d83c6fc4fe2172d1f96de6615b7a5771a24e68b4b69f213b76755fe8,126
derived/confirmatory_aggregates_v32/CORE_2.4_0.9_1.0/aggregation_manifest.json,caaf9f820e9ee85fa2fbd8fd20da44f8826d8f8ec10b72dee5f2142dfa0ff42a,4293
derived/confirmatory_aggregates_v32/CORE_2.4_0.9_1.0/claimcut_outcome_summary.csv,c5dede74f20ca1093953fcb5b4f093a2666674a4fc83131f813e18fb068c80f4,142
derived/confirmatory_aggregates_v32/CORE_2.4_0.9_1.0/comparator_pairing_coverage.csv,322da5a91111184ab060cf274a6b9cf63a96781f0c765490b2a1ba17d6bba2a4,859
derived/confirmatory_aggregates_v32/CORE_2.4_0.9_1.0/datasail_solver_status_summary.csv,fdd1d529207d7e409de225679b6f5dd403b0dc0d1f2a97a84abd8c2d83a3a36a,162
derived/confirmatory_aggregates_v32/CORE_2.4_0.9_1.0/method_aggregate_summary.csv,cfdfbba76c7e54e75188fee5a63d46ed25103d32f1da907693a1ef7ee2b2bc7a,3322
derived/confirmatory_aggregates_v32/CORE_2.4_0.9_1.0/metric_field_availability.csv,e1cb45504ce34afd86c8882d96f2e4125629fa3285f3750ac852d717e85a80dc,729
derived/confirmatory_aggregates_v32/CORE_2.4_0.9_1.0/paired_cluster_bootstrap.csv,4ed327a0447defa4dc8438bbb220db751fcc92e4de7130acff6afc143b8a630d,2452
derived/confirmatory_aggregates_v32/CORE_2.4_0.9_1.0/replicate_outcome_summary.csv,bf66cac50e2b024fed89ab03d4aff0f2ef46f76f2fa968e2220a9a7b342dfe68,125
derived/confirmatory_aggregates_v32/CORE_2.4_0_0.35/aggregation_manifest.json,cdb6c76f03e116fcc3921d729289706addfb687f7e7c9b065641129e1a925159,4290
derived/confirmatory_aggregates_v32/CORE_2.4_0_0.35/claimcut_outcome_summary.csv,54d86f78cadf4cb0da664c3f72dcee5d7ca426e4516f246dd35f1c4709a1c0ae,141
derived/confirmatory_aggregates_v32/CORE_2.4_0_0.35/comparator_pairing_coverage.csv,9d73a925c30362e11c2b3682e2f6b255c0c72147c24bedd2a03864141592e52d,852
derived/confirmatory_aggregates_v32/CORE_2.4_0_0.35/datasail_solver_status_summary.csv,24b5cd64ce387fa74056115dc7b6d11ee7ae316364707a8624bc00518a5538f2,161
derived/confirmatory_aggregates_v32/CORE_2.4_0_0.35/method_aggregate_summary.csv,e123cbff504ad9e9e0be4e12ac4a755719551ec6a61ba665bd17092595f958cc,3318
derived/confirmatory_aggregates_v32/CORE_2.4_0_0.35/metric_field_availability.csv,e1cb45504ce34afd86c8882d96f2e4125629fa3285f3750ac852d717e85a80dc,729
derived/confirmatory_aggregates_v32/CORE_2.4_0_0.35/paired_cluster_bootstrap.csv,e3ad5d5ae6bd8541aec954ce31ed48679e89efb6d5689118668e37bd58de7b5b,2442
derived/confirmatory_aggregates_v32/CORE_2.4_0_0.35/replicate_outcome_summary.csv,7936b8db88fc77468b856d7e5879de5237a5f7eff3983ac624a3ca4c88097d50,124
derived/confirmatory_aggregates_v32/CORE_2.4_0_1.0/aggregation_manifest.json,cefe2c176bf7a4c3b52714b9498e3962cdc97f5cda0fac983676aef1776a16cb,4287
derived/confirmatory_aggregates_v32/CORE_2.4_0_1.0/claimcut_outcome_summary.csv,2d3111e20cd8d0b701efd0702e50c8bb25554893fc4f0946778e7bda0424860d,140
derived/confirmatory_aggregates_v32/CORE_2.4_0_1.0/comparator_pairing_coverage.csv,c3e0fc592bbb9ec91d0a95f8f58b8cb53a35480391a205bcbdd4cadc510e7ef7,845
derived/confirmatory_aggregates_v32/CORE_2.4_0_1.0/datasail_solver_status_summary.csv,2ffc2221245f7d89f7b406935c69cb88edbd41520730f9ddaab355fb0a342c2f,160
derived/confirmatory_aggregates_v32/CORE_2.4_0_1.0/method_aggregate_summary.csv,53393955dedea41a79cb4a627fee24879b30efc3994973436b1a810569cbebc7,3320
derived/confirmatory_aggregates_v32/CORE_2.4_0_1.0/metric_field_availability.csv,e1cb45504ce34afd86c8882d96f2e4125629fa3285f3750ac852d717e85a80dc,729
derived/confirmatory_aggregates_v32/CORE_2.4_0_1.0/paired_cluster_bootstrap.csv,f5d977239f2fa038454691fe2cd977b5056a89b40ad65cdbb9d305e123d22243,2449
derived/confirmatory_aggregates_v32/CORE_2.4_0_1.0/replicate_outcome_summary.csv,720dbb8a7f6b697943e64ef10ccf7f4578ae35ca84f1edc7a45e16a6ce3360c3,123
derived/confirmatory_aggregates_v32/CORE_2.4_1.8_0.35/aggregation_manifest.json,522981910c4dced638a6b5d0300f2b4dd0bce0f2583e1179a08ba07ef7ab5cf8,4296
derived/confirmatory_aggregates_v32/CORE_2.4_1.8_0.35/claimcut_outcome_summary.csv,c5d7fb5a6f442f6dd6e7f044ef1459c128d4cba6a0a7507cae5af27a334d7bbb,143
derived/confirmatory_aggregates_v32/CORE_2.4_1.8_0.35/comparator_pairing_coverage.csv,bfc559e88b613c5da55aa13dd45b46f0b215ffce30ab9a6cd2d8ce8189a1bca8,866
derived/confirmatory_aggregates_v32/CORE_2.4_1.8_0.35/datasail_solver_status_summary.csv,cdffe9524a4e11b863871844dbd69d60c2455733a2d6a368d87b5716c88a54f5,163
derived/confirmatory_aggregates_v32/CORE_2.4_1.8_0.35/method_aggregate_summary.csv,3660c59c810fbc730f94cffcfcddf854051c56c981f8e8dd50c808d36c2da43f,3291
derived/confirmatory_aggregates_v32/CORE_2.4_1.8_0.35/metric_field_availability.csv,e1cb45504ce34afd86c8882d96f2e4125629fa3285f3750ac852d717e85a80dc,729
derived/confirmatory_aggregates_v32/CORE_2.4_1.8_0.35/paired_cluster_bootstrap.csv,7078e84c2cb7112eeea0a222151ae2bd673dd7e549f43e46d3f7d04092fb7820,2444
derived/confirmatory_aggregates_v32/CORE_2.4_1.8_0.35/replicate_outcome_summary.csv,e52210f11f33ad7ff4a7186d1f85fdb380eee527fa8dfe3bfdcb3d26e6512363,126
derived/confirmatory_aggregates_v32/CORE_2.4_1.8_1.0/aggregation_manifest.json,a0e74ac58f1314ffeeef8f2f90b68b134e7f11d33cef463622717711ce387972,4293
derived/confirmatory_aggregates_v32/CORE_2.4_1.8_1.0/claimcut_outcome_summary.csv,cba2144c4667fdd05318c59157da21b4e720d90cb802a5a234f7425ffee35364,142
derived/confirmatory_aggregates_v32/CORE_2.4_1.8_1.0/comparator_pairing_coverage.csv,3241f00477c8b09e7a55a6d8859d31948473fe5150091181b65c93e6951265e6,859
derived/confirmatory_aggregates_v32/CORE_2.4_1.8_1.0/datasail_solver_status_summary.csv,0b960737832d30efbc60236b1614247cd4864446895ea2a2cfcdf260aeb695a2,162
derived/confirmatory_aggregates_v32/CORE_2.4_1.8_1.0/method_aggregate_summary.csv,e667dff7ad58cab68bc06fc4c328c38523b2a758f2c52d83ea511bde3ae4fd5f,3289
derived/confirmatory_aggregates_v32/CORE_2.4_1.8_1.0/metric_field_availability.csv,e1cb45504ce34afd86c8882d96f2e4125629fa3285f3750ac852d717e85a80dc,729
derived/confirmatory_aggregates_v32/CORE_2.4_1.8_1.0/paired_cluster_bootstrap.csv,e8a0945ef553d14f7eb18a38ad2b9aeb153d9b5322d411463fed38ec000c0487,2429
derived/confirmatory_aggregates_v32/CORE_2.4_1.8_1.0/replicate_outcome_summary.csv,b2338de8a744c1dabc03557f2e5b724c3c8217df5b67c3a6943654fa91ce3017,125
derived/confirmatory_aggregates_v32/S0/aggregation_manifest.json,ae3e45d0f49970347e17507d9f3a4352c9d92b48866f4e41f6c404720ded01a6,4251
derived/confirmatory_aggregates_v32/S0/claimcut_outcome_summary.csv,f6890ce014b76a2c7677ab62fb5b0aabe5fb3623c73faf3d1d84cfac14ac8ec2,128
derived/confirmatory_aggregates_v32/S0/comparator_pairing_coverage.csv,46ab9347a6d980fe0bbf0d743f0acb6ec8c62110228009ce2f51e9164e46982a,761
derived/confirmatory_aggregates_v32/S0/datasail_solver_status_summary.csv,56a7b16bfed39cdd94ba491f61f08767707deb888ea0d8a59bf6609e6be5023c,148
derived/confirmatory_aggregates_v32/S0/method_aggregate_summary.csv,0be76bffcf2ad8cb7c8bf4f30c4586fae0e06e731685ce913ede5f88ea5d9ea2,3283
derived/confirmatory_aggregates_v32/S0/metric_field_availability.csv,e1cb45504ce34afd86c8882d96f2e4125629fa3285f3750ac852d717e85a80dc,729
derived/confirmatory_aggregates_v32/S0/paired_cluster_bootstrap.csv,0e5b0574ebd2a3a0042a1317c373db8e4c3d352959af62b8877bc2181549cdb3,2378
derived/confirmatory_aggregates_v32/S0/replicate_outcome_summary.csv,d5d1d7e8e85d4d54a0a4d6772ce0c07692bc7ffa2ef03b5f296b257ef5ea2090,111
derived/confirmatory_aggregates_v32/S1/aggregation_manifest.json,0cafde44db83ee48f4be34f3ce96713af0fbd6cc6ce788e3349688b7c58942a2,4251
derived/confirmatory_aggregates_v32/S1/claimcut_outcome_summary.csv,13b55f030a99332dc5b3f02b66c08463723a8a02351edaee3e284d1e46bba9a0,128
derived/confirmatory_aggregates_v32/S1/comparator_pairing_coverage.csv,e92188f6c2e08ad2f66530056ff1207f8cf43dfc4e76cb8ce794a00b2960ce56,761
derived/confirmatory_aggregates_v32/S1/datasail_solver_status_summary.csv,003e5e471b1a90ad3e937223f45c97d3c40d5a99c31df8be4bd521c87a487b50,148
derived/confirmatory_aggregates_v32/S1/method_aggregate_summary.csv,b69a632b4ee51e0dff1950cd56c94f10c104544106c946af338f4280410db2c1,3231
derived/confirmatory_aggregates_v32/S1/metric_field_availability.csv,e1cb45504ce34afd86c8882d96f2e4125629fa3285f3750ac852d717e85a80dc,729
derived/confirmatory_aggregates_v32/S1/paired_cluster_bootstrap.csv,be31974a5857d835607cb342190072c283cd1d086e0967ae7aa0faf595fdfe74,2359
derived/confirmatory_aggregates_v32/S1/replicate_outcome_summary.csv,4dcf4da8c64035554a33e47a9f658116f67dc72c3bb1f81c539127831b1dd0d3,111
derived/confirmatory_aggregates_v32/S10/aggregation_manifest.json,176e269d5d61ba7b199f28394d2e148fcff9f92e6d3dec764bc328b9698c156b,4149
derived/confirmatory_aggregates_v32/S10/claimcut_outcome_summary.csv,e21beed5e5172d8d29f0285d0d36428ff7bb808dd826ad920b4c32dfc21f38c2,129
derived/confirmatory_aggregates_v32/S10/comparator_pairing_coverage.csv,7eb70257593da06f682a3ddda54a9d260d4fc514f645237f5ca74b08f8da61a6,2
derived/confirmatory_aggregates_v32/S10/datasail_solver_status_summary.csv,ec9d38ddb101349ba36373ad92a706995b8278ee9cf1355929d3d6f982a723eb,140
derived/confirmatory_aggregates_v32/S10/method_aggregate_summary.csv,8690d98c3d2980fc0bfd79973ef7bbafd8895532602eaad9760ad00b61be5f60,43
derived/confirmatory_aggregates_v32/S10/metric_field_availability.csv,d42941aae6e040d8b642ff18d022dbc7801b8168b115274e375ae2bce79ef85e,597
derived/confirmatory_aggregates_v32/S10/paired_cluster_bootstrap.csv,7eb70257593da06f682a3ddda54a9d260d4fc514f645237f5ca74b08f8da61a6,2
derived/confirmatory_aggregates_v32/S10/replicate_outcome_summary.csv,77c8b39d837040d0f0f3e0f113b2d8c93d5aca5e74ed29211fd4894eb7b7cdf9,112
derived/confirmatory_aggregates_v32/S2/aggregation_manifest.json,2eb1513b829a9e91d590ff0c0ade0f9cf63b388d8e44aa0b6bb59249f6911b1e,4251
derived/confirmatory_aggregates_v32/S2/claimcut_outcome_summary.csv,64d3bd52a08e09ba9809a5c549fa46c57d87d3b2b733fbf21af1ebbb6fade2ed,128
derived/confirmatory_aggregates_v32/S2/comparator_pairing_coverage.csv,17dcd0d09c53b5b3a74747898f73dbbfca99b10c6bf605db9d8641d578ca4f42,761
derived/confirmatory_aggregates_v32/S2/datasail_solver_status_summary.csv,a40f795184dd680d6070413bd3ff61f771f7c92f864759fad90b595a65a28a04,148
derived/confirmatory_aggregates_v32/S2/method_aggregate_summary.csv,31946da045d727e3168af897883f599c6c349f6c6f9849853d3c271db29ee405,3221
derived/confirmatory_aggregates_v32/S2/metric_field_availability.csv,e1cb45504ce34afd86c8882d96f2e4125629fa3285f3750ac852d717e85a80dc,729
derived/confirmatory_aggregates_v32/S2/paired_cluster_bootstrap.csv,edeffb2cce1d11cc2592312f1c48950eda33f9bf52728624b6ad88cc7d7783bb,2354
derived/confirmatory_aggregates_v32/S2/replicate_outcome_summary.csv,d4d45131a68c8e36959ce6fb847fcbc77c474f3d0e8a0428b7914ea6ad7ef1cd,111
derived/confirmatory_aggregates_v32/S3/aggregation_manifest.json,ec044f7e7f364fc2336b2db5161b2bc80885aabffda3eaaa8969f8f71dae3b34,4251
derived/confirmatory_aggregates_v32/S3/claimcut_outcome_summary.csv,a408ae4cd18cb8ea8eb8175bfebca9a89f21271f87c1aeafc12e97038bb9acc9,128
derived/confirmatory_aggregates_v32/S3/comparator_pairing_coverage.csv,1b596fbb41c38ad6f5e59cf7e75e71308eb8d6e0831ddaf5323a598fb683eeb1,761
derived/confirmatory_aggregates_v32/S3/datasail_solver_status_summary.csv,a171de417f4276a452750eb80cc23f1f87a5f4bb6938d449f183df6664f9b20b,148
derived/confirmatory_aggregates_v32/S3/method_aggregate_summary.csv,9de0e18c5f94a9a524e305ef5730cc4e01afe9f762e73471d0ab7fa76d594332,3220
derived/confirmatory_aggregates_v32/S3/metric_field_availability.csv,e1cb45504ce34afd86c8882d96f2e4125629fa3285f3750ac852d717e85a80dc,729
derived/confirmatory_aggregates_v32/S3/paired_cluster_bootstrap.csv,0ddfc27c0c4fab0373297a3f13165d4737019eef0ac34c7c0b852e84454af6fb,2362
derived/confirmatory_aggregates_v32/S3/replicate_outcome_summary.csv,97136944d15753fcd733368fd710e93fbb4954c91b71e2c456f6b288f8be931b,111
derived/confirmatory_aggregates_v32/S4/aggregation_manifest.json,e794223b98c8cb59f7c15323f4596fbd78ef0073ecac56635e0ba5f8b3e0a517,4146
derived/confirmatory_aggregates_v32/S4/claimcut_outcome_summary.csv,1ef8b734cc116147714ae48d4d821a3b62db927bd625f91125608721ad4fc8ca,128
derived/confirmatory_aggregates_v32/S4/comparator_pairing_coverage.csv,7eb70257593da06f682a3ddda54a9d260d4fc514f645237f5ca74b08f8da61a6,2
derived/confirmatory_aggregates_v32/S4/datasail_solver_status_summary.csv,c81f18aeed7ee8765d1d944c673a9b33752e599844a12e2a4a69b88a45dc9fe0,139
derived/confirmatory_aggregates_v32/S4/method_aggregate_summary.csv,8690d98c3d2980fc0bfd79973ef7bbafd8895532602eaad9760ad00b61be5f60,43
derived/confirmatory_aggregates_v32/S4/metric_field_availability.csv,d42941aae6e040d8b642ff18d022dbc7801b8168b115274e375ae2bce79ef85e,597
derived/confirmatory_aggregates_v32/S4/paired_cluster_bootstrap.csv,7eb70257593da06f682a3ddda54a9d260d4fc514f645237f5ca74b08f8da61a6,2
derived/confirmatory_aggregates_v32/S4/replicate_outcome_summary.csv,d2428a7e41300d96f63c2c3f9f2e38d4b9866efc4568749b840e55fdf651927e,111
derived/confirmatory_aggregates_v32/S5/aggregation_manifest.json,d781529b50f15bb1b3e1e7ea8cc3f0fa61c8e8315366282e92b3af00fb968364,4251
derived/confirmatory_aggregates_v32/S5/claimcut_outcome_summary.csv,cc5d6ddc15fba906539e87099c9e605ec35b6972e300b3068dfc04c32c5c2c46,128
derived/confirmatory_aggregates_v32/S5/comparator_pairing_coverage.csv,09f5dd8b3f7997859ae885d01ed299b701dcc4d514e8e4aa921d796d54b0f7d4,761
derived/confirmatory_aggregates_v32/S5/datasail_solver_status_summary.csv,f15b4be664a7ac05a23e49d770a835dda1ed348eda70ffc652f575af12a1b1d2,148
derived/confirmatory_aggregates_v32/S5/method_aggregate_summary.csv,50f1855db1644703683413a51ea58dd1329a856146f2efe8dfd2d1495ba6571d,3155
derived/confirmatory_aggregates_v32/S5/metric_field_availability.csv,e1cb45504ce34afd86c8882d96f2e4125629fa3285f3750ac852d717e85a80dc,729
derived/confirmatory_aggregates_v32/S5/paired_cluster_bootstrap.csv,be4b095694a347fe9f14bdb090c4155d8639f2b4257866da7dbe41262f535089,2355
derived/confirmatory_aggregates_v32/S5/replicate_outcome_summary.csv,130ac89583515f112500426900be8fc3fe44ad63da05148b8a6e67f57f5cb9fe,111
derived/confirmatory_aggregates_v32/S6/aggregation_manifest.json,a624f16d1e9e580904bbc167211eb67f9cfe061518a93dcd9dd5c212c2b44441,4251
derived/confirmatory_aggregates_v32/S6/claimcut_outcome_summary.csv,94ff38ffe9ef0844a318178dae49e0f76fb1d9ba513b554d49fedd090cf53d54,128
derived/confirmatory_aggregates_v32/S6/comparator_pairing_coverage.csv,40acc337178e898b8b2ead4c00c2cbc811e59052a78bf681b1e6ad8320ad3452,761
derived/confirmatory_aggregates_v32/S6/datasail_solver_status_summary.csv,ec6532ed050bff58ce4dfa9874f3f56a053a4e22e5f677de0320dd90743b4798,148
derived/confirmatory_aggregates_v32/S6/method_aggregate_summary.csv,679ec6719eb974bd4a7dcf5927f360840941906d5888baadd389a217f4f414e5,3134
derived/confirmatory_aggregates_v32/S6/metric_field_availability.csv,e1cb45504ce34afd86c8882d96f2e4125629fa3285f3750ac852d717e85a80dc,729
derived/confirmatory_aggregates_v32/S6/paired_cluster_bootstrap.csv,11672e229c6c07853495ec4b829d8e1f3965c773d2a56cdd9d381922aef1cd8d,2361
derived/confirmatory_aggregates_v32/S6/replicate_outcome_summary.csv,5c0645c48744414f3888b028b69fd495acd916e71eb5f3cad6779144530ebc1e,111
derived/confirmatory_aggregates_v32/S7/aggregation_manifest.json,4b5f57be670239112b5a00995aaf7cfbedcac61009ef2bb0a865e001ca237af7,4251
derived/confirmatory_aggregates_v32/S7/claimcut_outcome_summary.csv,e32522ca56b29e5d87d8d5e6a096d7fc2d202cf280bff8d233a78341dd3d8f65,128
derived/confirmatory_aggregates_v32/S7/comparator_pairing_coverage.csv,ad80c7faa261a057c8536415745b4cfed97affcc99ef1fa93beff0acf46d325c,761
derived/confirmatory_aggregates_v32/S7/datasail_solver_status_summary.csv,d2d68c9d9e8bc939c3315dd19020eed88796f112713d703ac9232b778d7f8620,148
derived/confirmatory_aggregates_v32/S7/method_aggregate_summary.csv,4557ab0f5ccfc3fea56b0bfa7feaca6e2d3f7108030b3d70d31a5fd207d5e188,3195
derived/confirmatory_aggregates_v32/S7/metric_field_availability.csv,e1cb45504ce34afd86c8882d96f2e4125629fa3285f3750ac852d717e85a80dc,729
derived/confirmatory_aggregates_v32/S7/paired_cluster_bootstrap.csv,d4cd01e037694f41a9e03435dfb86542e6311f034c509a476af36cbe2470e5e9,2353
derived/confirmatory_aggregates_v32/S7/replicate_outcome_summary.csv,32c3f847d15ac3238760244c30e286f7952347a88b6cc6240495e4a9f76bbd16,111
derived/confirmatory_aggregates_v32/S8/aggregation_manifest.json,cce050f1b46b752d884d18eb567235c23bfe948c2489db512fee0700655d255d,4146
derived/confirmatory_aggregates_v32/S8/claimcut_outcome_summary.csv,0bdb5b2b4bc8899a0c8421ff736aea942211566bd751847d1d434a35f663ff5d,128
derived/confirmatory_aggregates_v32/S8/comparator_pairing_coverage.csv,7eb70257593da06f682a3ddda54a9d260d4fc514f645237f5ca74b08f8da61a6,2
derived/confirmatory_aggregates_v32/S8/datasail_solver_status_summary.csv,83960daab0120a51e5b9df436efc32ec5bff273a4fd4b79ea01f7fc136db69a4,139
derived/confirmatory_aggregates_v32/S8/method_aggregate_summary.csv,8690d98c3d2980fc0bfd79973ef7bbafd8895532602eaad9760ad00b61be5f60,43
derived/confirmatory_aggregates_v32/S8/metric_field_availability.csv,d42941aae6e040d8b642ff18d022dbc7801b8168b115274e375ae2bce79ef85e,597
derived/confirmatory_aggregates_v32/S8/paired_cluster_bootstrap.csv,7eb70257593da06f682a3ddda54a9d260d4fc514f645237f5ca74b08f8da61a6,2
derived/confirmatory_aggregates_v32/S8/replicate_outcome_summary.csv,23542bda20ab73691770a37ad1fcb0bea91f88efe313e237afdf4db59b556ed6,111
derived/confirmatory_aggregates_v32/S9_corrupt5/aggregation_manifest.json,dc7681a839fc305e3efbfdfdf0f279be17160dae970629a7f53a8b89578636e3,4529
derived/confirmatory_aggregates_v32/S9_corrupt5/claimcut_outcome_summary.csv,38e3ff6f96833110f86e328127d629ef27f19a8df2a525357551de91e4e0f279,137
derived/confirmatory_aggregates_v32/S9_corrupt5/comparator_pairing_coverage.csv,c69254f09cf667a7ed637b2944c6dd49bbed80ed64db403115f9242afb95f36d,795
derived/confirmatory_aggregates_v32/S9_corrupt5/datasail_solver_status_summary.csv,7fc1f9d8e006f2df6f010ae899f4c486fd9b4f520aa00f05a93911669e5dccd4,217
derived/confirmatory_aggregates_v32/S9_corrupt5/method_aggregate_summary.csv,0b0c61c2f281f7f820df2597010473c6ecd9ac7d39560395184c52281daca962,2983
derived/confirmatory_aggregates_v32/S9_corrupt5/metric_field_availability.csv,e927dd45401fff9a4f4b43bceb872419af096ef4734563234b5343b2fcb2fe22,731
derived/confirmatory_aggregates_v32/S9_corrupt5/paired_cluster_bootstrap.csv,db756f27086f62d1186d5e51f4061e1b5c10794de0c3f898d1a5bce94e02913d,1617
derived/confirmatory_aggregates_v32/S9_corrupt5/replicate_outcome_summary.csv,e48c979d16e9fc9b851d7d6d172c3e2937521c052fbc43ff46670055861d9fdd,120
derived/confirmatory_aggregates_v32/S9_missing10/aggregation_manifest.json,b083285c3a2aedab5bca92e9b6c737039f35d9dd40d16209fc42ed45656aa418,4533
derived/confirmatory_aggregates_v32/S9_missing10/claimcut_outcome_summary.csv,6447971d29210bea66ee38fc0be94ef46460908aafcb5e3426e3c47c8c6fc28e,138
derived/confirmatory_aggregates_v32/S9_missing10/comparator_pairing_coverage.csv,2d145638f6d9c737231cbcbaf371516f44b52c610844b6f95af40d768ea9b763,802
derived/confirmatory_aggregates_v32/S9_missing10/datasail_solver_status_summary.csv,9aa88780c057eeed246f756f6a74cd7f5ee3e6a07a7f7dd9a1278bfeac5dba92,219
derived/confirmatory_aggregates_v32/S9_missing10/method_aggregate_summary.csv,ba013633f95f86c0d12b0aff372221ae84dd99b4e465837724ee7ae606878c3a,3022
derived/confirmatory_aggregates_v32/S9_missing10/metric_field_availability.csv,e927dd45401fff9a4f4b43bceb872419af096ef4734563234b5343b2fcb2fe22,731
derived/confirmatory_aggregates_v32/S9_missing10/paired_cluster_bootstrap.csv,123461a3cab081a66abf87998cee183a2ae768fe1a18583268b1f7418a74601b,1624
derived/confirmatory_aggregates_v32/S9_missing10/replicate_outcome_summary.csv,f2b0cba0805457214b3fdb29b83b1e97dd9a86cd66b62b4b3c2c89aab33b8efd,121
derived/confirmatory_aggregates_v32/S9_missing30/aggregation_manifest.json,d2c796b2775a321831df7ca76d35dffaedfeee519a5139a398aaa08e9f598a52,4533
derived/confirmatory_aggregates_v32/S9_missing30/claimcut_outcome_summary.csv,800f7151eb3f0cfc977174c1d1688d8d4c01ac255454eae71caf41567f0045ab,138
derived/confirmatory_aggregates_v32/S9_missing30/comparator_pairing_coverage.csv,62c5838ca3886091ccf4ddcbeeff8f36f7a912e07580d95ff5276ceea69feca5,802
derived/confirmatory_aggregates_v32/S9_missing30/datasail_solver_status_summary.csv,c9b4848bbae2fedb48fd411c9d074cd1202c4f707b9b8e4c3c82eb82aa4d570d,219
derived/confirmatory_aggregates_v32/S9_missing30/method_aggregate_summary.csv,ea917c2ea9eb7999d1f3b421e39bb10fd1c0249c61b41ff30094baaa2dd52ede,2999
derived/confirmatory_aggregates_v32/S9_missing30/metric_field_availability.csv,e927dd45401fff9a4f4b43bceb872419af096ef4734563234b5343b2fcb2fe22,731
derived/confirmatory_aggregates_v32/S9_missing30/paired_cluster_bootstrap.csv,f08a04afc866309fc4d9d0d0af16fd298f6cc5e538389cc1eeb56298c634b6f3,1624
derived/confirmatory_aggregates_v32/S9_missing30/replicate_outcome_summary.csv,3ae02cb0ab499c8a327724bbec34d3f475b401cb57a9798d4c79bfc5876b2299,121
derived/README.md,e81767ed4ac6af27fd22cb28731f74bd8307e565d985863916848b1869f74abb,687
figures/contract_compiler/attempt_t_retention_gate.py,6cb397b97912fc009c43d24b7aece183dbc184ffacab430771d93613cdc791b8,13730
figures/contract_compiler/build_compiler_gate_figure.py,fcac7c6339a2063e99f9067b9b24b2a871f76f6d9cc256481e3302b05dd1340b,10567
figures/contract_compiler/build_contract_lifecycle_figure.py,9b5893c224806be799349febce4c7738bbb46bb1ce0de8314993f3948b0b9f8c,15127
figures/contract_compiler/build_joint_semantics_figure.py,ac29f3c0718f88703dfe8306404275d2d0085b7f80513bea51b50fc2430d50c4,11756
figures/contract_compiler/build_primary_scaling_figure.py,c67a0f9a9efb04ceff5382dc70ba3db481d6e594e7ab46d0d1b6f993873e5696,34587
figures/contract_compiler/figure_aggregate_gate.py,aae43a47ef189f6c17c7322c2a2b0ee5115160201e976cea54a4c24a54b951c7,13082
figures/contract_compiler/PRIMARY_EVIDENCE_LOCK.json,5e10760c3d9ce9241dbdd649b04c4d3547a8672454436071f5139bca3579a094,1253
figures/contract_compiler/README.md,c1c84b5a64761d3b0d65c0940fd9520dcbbf91d6ab564c4dfcbd062d172dfe7c,2671
figures/core/_impl/build_figure_4.py,e766fcde67cf4ba43b4096c3fb02d8bb0827830664d69a307cc857b131690040,2027
figures/headed_stud/_impl/build_figure_5.py,e90ca0eaeb05e3b335b80c2463662556db2bf8bb083f7b0f58b4a747443a87f6,24389
figures/headed_stud/_impl/build_figure_6.py,6403935887bc01505da5d66653ce0feaa27877d0437af0ebe5862abd58d70e2a,17414
figures/headed_stud/build_headed_stud_consequence_figure.py,87741d7f86db3a2ff0a0105f9febe28dafea06aa15ab83cfb741d18a18f13cbe,4469
figures/headed_stud/build_headed_stud_contract_figure.py,856f07169eb47e254da34fc69f68fc24285599a2a2c7c10c0dbc24dec79a7258,5014
figures/headed_stud/multirelation_evidence.json,3c9ec7bbce53b462fb7ed00a452dd0465049072c912378ba784359d603e19767,1610
figures/headed_stud/README.md,0d7aa586606ae72a5849acb2d960eaadc1243ecf2e459d80f8a85d79099fc059,1044
FINAL_RELEASE_RIGHTS.md,29950781825e97fcc25cf8e9e8968c2786aca8bcfec157a1a4c3c3797c3b9539,1087
LICENSE,8647b9bb11f16ce546ecfbfdd69b00312d7537ea674a0340004d9e41be4bb7ec,1300
protocol/REDACTION_MAP.json,fac28e1c2ea21d4eff30133843ed1abf13f585284eef0d4b80e1b4f0d10ebb99,902
protocol/SCIENTIFIC_PROTOCOL_V32.md,a1ad397683bc7e835d663f26010fb7eaeef48d29c30f49d54ca3c308798b8d19,4824
provenance/ATTEMPT_T_PIPELINE_CLOSURE.json,86f2460631fa118e19b550b3d56eb4087fcad2970419ef4aa12429bd2e92bccc,87789
provenance/ATTEMPT_T_RETENTION_AUDIT.json,171560bacc5945f0fdbd6ca45413cd41901c5957ed960a6f3cf0633919448850,8989
provenance/PUBLIC_SOURCE_LEDGER.json,3c98ae0583fb44b81ea7d20f8f5f9317367e8cc182953d39e835d5a0dca0cdd9,7550
provenance/RELEASE_RECEIPT.json,25f5343123aaf2e9fffa6e4a5e37ee48703e708602753c574bdb0c95f95cca50,289033
provenance/stages/compiler_semantic.json,57dc2b48b934ce587f0f0a27295ee4703698d65ae633844fcc58ef5eb5b38f66,23669
provenance/stages/CORE_0.6_0.9_0.35.json,c47fe8203d331ff276e12b35bfcead1859475999467dddfe97909f433df178ec,29484
provenance/stages/CORE_0.6_0.9_1.0.json,d9bd4392ca4b200c0d3ac38df510a89c20d74141575c37d20b011cc4e4d01002,29474
provenance/stages/CORE_0.6_0_0.35.json,442dc092b5d6aa6af59e07af7cf27ddfca1654fa0d4a62484560228edd81f48e,29464
provenance/stages/CORE_0.6_0_1.0.json,7d33097b256c1c0da0d0035b1c6bdc210a6ec4cfccf0a25483dfbf6382557b62,29454
provenance/stages/CORE_0.6_1.8_0.35.json,6050d3b4d202cd9da05418d4f69fb8e766edcc66b08f931c24776493e3b5a920,29484
provenance/stages/CORE_0.6_1.8_1.0.json,b6a9619d64f2630fad61a50d1476e91ce8f9d6ca16db24a22bd92f566e98d79f,29474
provenance/stages/CORE_0_0.9_0.35.json,114402031ab501f8eece74d50de7359cb4ad29fae7bb2465851c3a9814c3630e,29464
provenance/stages/CORE_0_0.9_1.0.json,e0b8e79e54538913ad0557d5b3f5f2ab060e649b91d9d59ee98d8c5702941ffb,29454
provenance/stages/CORE_0_0_0.35.json,e893771958ff19e3af4e11885181b426601dff090609656ce5cb0d83d462ad9e,29444
provenance/stages/CORE_0_0_1.0.json,3165d3d3d22a5fcee6e14d7bec18aadde5b4c1a20c5d410dcb8d74d5c727b072,29434
provenance/stages/CORE_0_1.8_0.35.json,4915efdbc677c53e011877677290903472477e034fe3cb9e37cf070e3914a872,29464
provenance/stages/CORE_0_1.8_1.0.json,f19187d5e8c8aa5bdc7cedc97e2d95cfa150d0dcafc71fbb907531f90e23bfc2,29454
provenance/stages/CORE_1.2_0.9_0.35.json,c125160c45d95116cba741b53dc0cc4db062323f2e065c4f6fc3a632d7b287fd,29484
provenance/stages/CORE_1.2_0.9_1.0.json,64a67a8e4f25ed0d59073bb9c8aa91a5f6f3aa293b3c471ac5eccb7b7b5d4eb6,29474
provenance/stages/CORE_1.2_0_0.35.json,c1d6b24485c9519e18229f3d21b57522cfa16f4e938ef6de5f9880a94c43e352,29464
provenance/stages/CORE_1.2_0_1.0.json,69027abf489dddb045170e4d7a5731191542474fa68691663d12bc6fa4b7b4fc,29454
provenance/stages/CORE_1.2_1.8_0.35.json,5373df13a317e6700576f58dcacce609d48a3f27e86c423773ac20b5a4dbc4c5,29484
provenance/stages/CORE_1.2_1.8_1.0.json,9bb75225fc36225364b8bb1070d588881c780e3db03dc526fcdcd1a5677f0d68,29474
provenance/stages/CORE_2.4_0.9_0.35.json,8c671a3279ea7f689afcc7fbbb0abf7516c57492125d2fa14bff96f1216d373d,29484
provenance/stages/CORE_2.4_0.9_1.0.json,1e7615da4acf2bc7c33ec59f772a3edb4a94a38abc4bfe73a2efc053df815572,29474
provenance/stages/CORE_2.4_0_0.35.json,e828ae9e95b756f71ee443346148d9a0e17c01503c3508806496c6fa6297a90b,29464
provenance/stages/CORE_2.4_0_1.0.json,784bb1169b28dcbfc6ab3b8134006595da4a718670bc966196e2e033b84c5a1b,29454
provenance/stages/CORE_2.4_1.8_0.35.json,c78b3f66ad72c8ff65ec8ea7b7cfd6871e79840a1cf37341074680d53f2019dd,29484
provenance/stages/CORE_2.4_1.8_1.0.json,2cdb5db0d68921991235f568e8fa41298f264888d1073576136726ce8933c716,29474
provenance/stages/S0.json,64df64425eaaa89d0dcbc49dc431ca73bf0aa8b1995ade1b7aaff51aa0733a81,29334
provenance/stages/S1.json,ae7c6f2f9259f8a34a2a08a9cbab941bc68fac532c0bead1b79a68174cba3eed,29334
provenance/stages/S10.json,e80fa8cfc311dd99fb916d3a33712b3d1b0b1935cc6dba9e0ec313d19f355e79,26827
provenance/stages/S2.json,3b4ffbea3c46cdaaf3ade2feeef5521b6a72ec2ab72419d31caf4e604edc2699,29334
provenance/stages/S3.json,6c89c6f90f489065243dec22d31cd989a3657aa1d8552745e0c07915da5ed268,29334
provenance/stages/S4.json,73b7aaeb83f16005c7ce3c01ce72257f0d1205fb3555b4d9ee143fa34345f078,26817
provenance/stages/S5.json,514020e499e61f631cb6d07d48bde4d4b0ef6fc091a1463e266bdfc4a55dabde,29334
provenance/stages/S6.json,b0b2945f225b1dfeb5c707a05db918f572424332670d5300ad0a640fa5be9551,29334
provenance/stages/S7.json,6371a2fa065de7367d08220dd0ca6ae91642ba5ccaad066479dc845f49222ee2,29334
provenance/stages/S8.json,5212d03b086e256807645dfab5f4d607e87cc651265b4828c31314cd7e92dd50,26817
provenance/stages/S9_corrupt5.json,1ed8240bf30bffc64267792888fe7005fc1e61e1d752f54493dbffda9ee51a69,29424
provenance/stages/S9_missing10.json,1a901a332cc5907db59680c463a417e52ec81a51955e01a7e9db240edeafbf43,29434
provenance/stages/S9_missing30.json,cc62db184dfb4162530a02433cf59d331de90a33737da24880756907689243ef,29434
PUBLIC_PRIVATE_CLASSIFICATION.md,9e555c0a6b80940a1627fb8e839b852f8d1ad048458020725d80fc65ec5607bb,1495
PUBLICATION_BOUNDARY.md,55c24c5225269bf8acf5a34f90fd7894a48498c505f8b63401e3f9d4c2d2e4c1,1112
README.md,2502bf3408a16e1a3594926b9a9c9167462b832980644dac83c89324e3872e59,2681
RELEASE_NOTES.md,17bc524cd9e0e9bf93636a9b62339c7beb8a1491aa76dba2b2e68b76b3d8ca1c,1110
REPRODUCIBLE_RUNBOOK.md,408a5b05f1da826b873e2a57d1814bc99efd7d60db684bd717309637a9f32b55,3205
requirements/ENVIRONMENT_LOCK_POINTERS.md,5768ef65abee18349144945736c3a4c6001fbf442748c9e3f20b8202b8b65c31,811
requirements/requirements-adapter.txt,07ac1d5a8684ba616fd3740c0440569f17c2deec1ce4ef45bf65ebd61006ca42,43
requirements/requirements-application-evaluator.txt,ed774a4fb7fc7305e483893ab5a7a99d697d0c392123fb2521abbcdffb95f2ea,108
requirements/requirements-figures.txt,31e5d7cd5e75744a54c47e1b9cf41bda87fec7291b9007350df20cf9948114a1,62
requirements/requirements-test.txt,ea380b447b4897057a39d3e9386e4ba02f7e439dec77dfa11f66ce78dec9d8e3,15
requirements/requirements-v32-lock.txt,5568b7ef34ab79a33d3f1c01401706e1a0c5dd1bdd993fcc588e90ea5fb4bae5,640
src/application_evaluator/public_runtime.py,42b7ec44e820dc35e9e9380a39710e46388726e0f673cfcdf89a7a2797ae0556,8941
src/application_evaluator/README.md,31717e002979c3886d67ef3a049286543d39433eec0a86675bcbe018f22ce325,2038
src/application_evaluator/run_public_evaluation.py,a2b68b208a3e7e8904e74a6ada7d4bc1cada366d9d1c355f22d17f86aa41445d,29836
src/headed_stud_adapter/adapter_freeze_v1.json,42ac1a0bed31307884ce19bc38eb629cff198cd67c06b6ea1347af1f3d919515,5828
src/headed_stud_adapter/apply_overlap_review.py,6206b05cc9e3422f8f5f135e75bf9211d751771d5c6a9f1d72bafbf2b9860666,2898
src/headed_stud_adapter/build_adapters.py,8ea033c94ccb2e797159b9b0c9aaa90bc892b0703aad57095fdc9f2d55661c23,11106
src/headed_stud_adapter/build_adapters_public.py,d546dcfc0f03092ee706bc045a88e8ab95a2a6fca8ebb2fbaf35f52f0c26a0c0,2876
src/headed_stud_adapter/evaluation_plan_v1.md,9dabb8178a8f1d96fe6278adb8ce4e38d9e1e0e8dc7699c12a4a001b00d09a76,5596
src/headed_stud_adapter/fetch_frozen_stud_parents.py,16289fabec0eece1780ebbf855b480ae6fdebebb4d715b82d5ede0dcc33700bf,3880
src/headed_stud_adapter/freeze_v1.json,463e0b039a01b748e1b479bb4584767c631053cd6c28aa4a7b4d15dbc719bce6,6256
src/headed_stud_adapter/manual_overlap_review_v1.json,d8a196cb33a7741395e83ab932495c887f1490d1dae9c08142eb9fdf819188d9,1834
src/headed_stud_adapter/overlap_audit.py,01313b1f506af5c4a9cc07f41337cc876980e0fdb466cf1203bbb734cb4315b7,7349
src/headed_stud_adapter/public_input_registry.json,7ea27fa6a030f50316510553c10f19b994ea9e8948bcb2a3754fecfb900e2d75,1086
src/headed_stud_adapter/README.md,e5e2071ff59d3fdd5c4466ab2cb534a998af31b264dd8ff72e923a01aec756a1,1714
src/README.md,486fe3fe5bf80575ce198a12cccd3cb83485792159bcaecf607fae424bcfc01f,576
src/round_snapshot/experiments/canonical_v32/aggregate_batch.py,e7a99b3ab300996ef253c4e14a8aedae1092ac7a87ee3639dce36fb95ca7e776,26500
src/round_snapshot/experiments/canonical_v32/aggregate_batch_v32.py,15275f8df8b8473237eac3ddfcacf00750f866c9dcd9c26ef190034fe74fbc05,3491
src/round_snapshot/experiments/canonical_v32/aggregate_compiler_suite.py,c9cc9937847df6c87330e9b1bd7c73a11dc7150197e40de03ee1d36853ab41d7,3410
src/round_snapshot/experiments/canonical_v32/aggregate_compiler_suite_v32.py,7a623e42a923e0574d931e7463b51c85b8827caac2d07ef92da196f0d51e234d,3733
src/round_snapshot/experiments/canonical_v32/freeze_experiment_v3.py,ecdeda0ced961fa0c56902222ac67020e870d0799ec7f03ae4be3ec99d3a6dcc,10436
src/round_snapshot/experiments/canonical_v32/freeze_experiment_v32.py,f8100ad28277b3efbfa90ba0ad64a944ccf6a8d1a947ca66c1fce197e043dd1d,17093
src/round_snapshot/experiments/canonical_v32/independent_contract_oracle.py,b10a24435b5b25f4916f2808454c026ed1a14762d8f0233e0e4603047252cccc,17247
src/round_snapshot/experiments/canonical_v32/protocol_v32.py,012bb0f13aba5f129be2277b09f39b8cc3200014aa09b9065dddf84767458963,33030
src/round_snapshot/experiments/canonical_v32/run_batch.py,1cde8e80793025ddb8ed8d531d21f683de71764769b126358e99860a993fa314,43747
src/round_snapshot/experiments/canonical_v32/run_batch_v32.py,b809fe731321806a366aac944bfcd350710abb1ddb6ebc8fb77f357d3cd1e73f,3530
src/round_snapshot/experiments/canonical_v32/run_compiler_suite.py,08721d2a9245dd4400193434fb1618134d91533630017b884172eaf0b0c5ef6e,19320
src/round_snapshot/experiments/canonical_v32/run_compiler_suite_v32.py,cd1f2e5727382bd15104a2d538c88b585eb9e8e69ca2c5be224970ce82c15591,3133
src/round_snapshot/experiments/canonical_v32/RUN_PIPELINE_V32.md,974798aab2240b9671f6d64bcd640737dd3ecd2ad57eb483fb9bdffb3b0eef41,1550
src/round_snapshot/experiments/canonical_v32/run_pipeline_v32.ps1,1ef52220919aad219a9324aed49bc4ba6631c2994b955dd5e423e968e6b4f615,25469
src/round_snapshot/experiments/canonical_v32/test_v32_protocol.py,319c5f041dda0745029f1143ab247ec516e338c7aace1e5248b5f6fee0ac895d,20077
src/round_snapshot/experiments/cv1/freeze_v32/confirmatory_seed_table.csv,bcc4ec1c43f780bb64e417fce81f21df52db1202db8e7fdbe79104295c18d4ad,267895
src/round_snapshot/method/datasail_smoke_test.py,35ca712f9536bd41d30375d42909c9a2648597f96b9c9842c1cf8581fe678d25,1895
src/round_snapshot/method/formal_specification_v3.md,451e8aa071c2e0001aa24cbdcebaa81f3f27d7d0b8e9576b56af3cd1e1810a0d,9769
src/round_snapshot/method/independent_oracle_check.py,f55c6ec95e19d4fa78126cd31c8062f458df2000550c5670fe7ab7f381fa4988,4878
src/round_snapshot/method/provenance_cut/__init__.py,b7cb0e0c25358f17071cee664bf06a977bc2d5dd24b11a6e151af8d4aa996e6e,591
src/round_snapshot/method/provenance_cut/audit.py,056f53145fdccd61ec9797e21a470b51b5356aef0e23706bfc85eba8f34cd303,14915
src/round_snapshot/method/provenance_cut/claim.py,272ae6f174ab0e699300863ee8633caaad78b5aee9e5e517021a8e5527a4893d,17499
src/round_snapshot/method/provenance_cut/compiler.py,9bfa473177f009bdd672f45e6a820cf95368a0c786cbde52b775ad5d78d91017,27664
src/round_snapshot/method/provenance_cut/splitter.py,63a287cf1d2f370d943d6416df1af366b53f516c5acd32f641956b9d525ecf90,25328
src/round_snapshot/method/provenance_cut/synthetic.py,2bd680a6a40d2fa8b59f5ec265157fbe4b6d5c6ededa186f5aeebd2362452069,23113
src/round_snapshot/method/tests/test_aggregate_batch.py,d72001b981383283f0a934ecaef4ef6b832ab4137626ac655be881a9bde1a05a,6344
src/round_snapshot/method/tests/test_contract_compiler.py,90427d02d3596e43b143e92ba69420f05506d4a937acdf0412fcdb91b5ead004,12861
src/round_snapshot/method/tests/test_cv1_preflight.py,c3004c7ee49eb26b40f809e3efc40f9ff3349f6d43f7d5ac12ece4dda747767d,4029
src/round_snapshot/method/tests/test_independent_contract_oracle.py,6d8bf3a214da0285995dc12c4382592c23ae93d35996a350e7bf1ceefbf424ef,6799
src/round_snapshot/method/tests/test_provenance_cut.py,1619eda3d00c97996e7afe23a65327d3752adba78c47c1348883198ee7844990,15328
tests/application_evaluator/test_public_evaluator.py,ba207a1d5e2c36bc749f6e06145fa76c0e58e1c6ef7e1d2bf8d68b790dad384a,3513
tests/application_evaluator/test_public_runtime.py,9cdb4ec58eee7297ac1ea2ec23fbc2adb92e54aca2961cd9ed3c8ddbd080d858,2002
tests/figures/test_contract_compiler_figures_attempt_t.py,7e27bba87af5de259e1e0e5fd5910632e6ac958b6a9a5cc2b457a0c7bf736cf3,8139
THIRD_PARTY_NOTICES.md,5eb1e9d06c7a239a30d629eb38004f306b4b3bda5be2a8ce5e3b8f2df3cc058e,1400
tools/audit_public_package_attempt_t.py,9ac9e4a9cd0c7b95a1c1d84771834bd17b6f4acd8d4615c6ee36819c25054d8a,16253
